location,total_herbicide_sales
Branch Office C,60395.50999999999
Branch Office B,54842.069999999985
Branch Office A,30229.799999999996
